April,housing,prices,credit,productivity,employment,easing,rps,bubble,war,panel,reserve,minutes,objective,will
commodity,inflation,inflation,financial,slowing,improvement ,weakness,portfolio,housing,Katrina,shown,target,release,goal,market
options,section,energy,institutions,growth,hiring,sales,acf,rent,uncertainty ,left,zero,statement,inflation,think
prices,forecast,increase,risk,supply,productivity,spending,securities,land,geopolitical ,model,program,committee,numerical,rate
facility,moderate,pace,market,nairu,growth,September,study,home,hurricane,chart,funds,communication,explicit ,very
inflation,core,core,loans,labor,business,investment,Treasury,prices,Iraq,line,sheet,draft,range,now
primary,president,pass,banks,inflation,dollar,decline,dissent,mortgage,gulf,rule,bound,members,stability,term
June,growth,measures,downside,treasury,gap,cut,ginnie,ratio,oil,bottom,rate,discussion,mandate,point
Lehman,subprime,pause,cut,demand,expansion,economy,asset,overvalued,gasoline,right,federal,language,target,expectations
pdcf,thank,higher,turmoil,year,output,sector,government ,index ,august,black,December,words,dual,one
system,trend,costs,losses,acceleration,recovery,consumer,authorized,properties,military,middle,quantitative,public,communication,also
stress,bit,tightening,cdo,rise,job,manufacturing,contingency ,arms,disruptions ,depreciation ,treasury,formulaic,Congress,see
headline,public,oil,mortgage,wage,spending,attacks,Mae,lenders,gas,red,banks,think,horizon,like
tslf,construction,compensation ,deterioration,tightening,tax,ulus,window,loans,inertia,present,facility,announcement,adopt,economy
institutions,uncertainty,pressures,tranches,trend,ten,tech,collateral,constant,storm,year,guarantee,meeting,achieve,well
repo,language,expectations,capital,stock,recommendation,fiscal,outright,quality,impact,dollar,interest,expediting,anchored,don
dealers,alternative,language,auction,increase,disinflation,November,sovereign,value,refinery,exports,purchases,vote,public,may
party,residential,data,liquidity,tight,pickup,auto,issue,afford,ports,top,ceiling,information ,benefits,much
banks,labor,statement,housing,pressures,payroll,recession,discount,family,barrel,foreign,quantity,process,committee,can
financial,past,remove,October,workers,recent,inventory,system,ofheo,crude,simulations ,effect,decision,run,even
Stearns,comfortable,accommodative,asset,prices,labor,equity,liquidity,percentile,energy,variables,deflation,view,definition,get
voluntary,think,path,January,tech,deflation,weakening,Lombard,nonmarket,heating,account,tools,memo,regime,chairman
dis,narrative,meeting,sheet,higher,low,recovery,Freddie,appreciation ,effect,bars,excess,oni,prices,say
stigma,laughter,neutral,swap,unemployment,data,Argentina,debt,bond,Venezuela,Taylor,money,give,defined,risk
sec,mortgage,China,lending,technology,pick,industry,operations,component,million,structural,policy,issue,specific,because
collateral,home,move,commercial,rate,inventory,rebound,tally,Francisco,aftermath,rate,fomc,editing,think,look
March,utilization,year,agencies,dollar,equipment,downside,gnmas,misallocation,stagflation,unemployment,size,use,cpi,come
Reserve,builders,contained,senior,electricity,gains,travel,diversified,shown,damage,productivity ,monetary,transparency,consensus,know
loop,vince,rise,insurance,euro,capital,capital,disclose,bias,inertial,different,desk,press,diversity,next
failure,want,graphs,paragraph,believe,orders,negative,Fannie,city,coast,show,alternative,convey,transparency,policy
